{
  "A1_no_v13": {
    "f1": 0.8508137432188065,
    "c0": 0.4,
    "c1": 0.35,
    "time": 840.3561260700226
  },
  "A2_v13_4k": {
    "f1": 0.8516431924882629,
    "c0": 0.45,
    "c1": 0.35,
    "time": 1871.355572462082
  },
  "A3_v13_filtered": {
    "f1": 0.8401282638570775,
    "c0": 0.4,
    "c1": 0.45,
    "time": 2957.158012866974
  },
  "A4_imgsz_1280": {
    "f1": 0.8917549516351914,
    "c0": 0.5,
    "c1": 0.45,
    "time": 12170.997957706451
  },
  "A5_coco_pt": {
    "f1": 0.8978300180831827,
    "c0": 0.45,
    "c1": 0.45,
    "time": 2407.716984272003
  },
  "A6_heavy_aug": {
    "f1": 0.8392857142857142,
    "c0": 0.3,
    "c1": 0.35,
    "time": 2942.1197197437286
  },
  "A7_light_aug": {
    "f1": 0.8310662571303202,
    "c0": 0.35,
    "c1": 0.4,
    "time": 2954.546574115753
  },
  "B1_v16+v2": {
    "f1": 0.9224452554744524,
    "c0": 0.55,
    "c1": 0.35
  },
  "B2_v16+v3": {
    "f1": 0.9135577797998179,
    "c0": 0.3,
    "c1": 0.35
  },
  "B3_v16+v5": {
    "f1": 0.9064748201438849,
    "c0": 0.5,
    "c1": 0.4
  },
  "B4_v16+v2+v3": {
    "f1": 0.9275753486279802,
    "c0": 0.35,
    "c1": 0.45
  },
  "B5_v16+v3+v5": {
    "f1": 0.9218472468916519,
    "c0": 0.35,
    "c1": 0.3
  },
  "B6_v16+A5_coco_pt": {
    "f1": 0.908923643054278,
    "c0": 0.5,
    "c1": 0.45
  }
}